GROUP,PACKAGE,CLASS,INSTRUCTION_MISSED,INSTRUCTION_COVERED,BRANCH_MISSED,BRANCH_COVERED,LINE_MISSED,LINE_COVERED,COMPLEXITY_MISSED,COMPLEXITY_COVERED,METHOD_MISSED,METHOD_COVERED
persistence_g1_3,edu.uga.miage.m1.polygons.gui,JDrawingFrame,602,0,16,0,140,0,25,0,15,0
persistence_g1_3,edu.uga.miage.m1.polygons.gui,GUIHelper.new WindowAdapter() {...},6,0,0,0,3,0,2,0,2,0
persistence_g1_3,edu.uga.miage.m1.polygons.gui,App,6,0,0,0,3,0,2,0,2,0
persistence_g1_3,edu.uga.miage.m1.polygons.gui,JDrawingFrame.Shapes,21,0,0,0,2,0,1,0,1,0
persistence_g1_3,edu.uga.miage.m1.polygons.gui,JDrawingFrame.ShapeActionListener,48,0,4,0,12,0,4,0,2,0
persistence_g1_3,edu.uga.miage.m1.polygons.gui,GUIHelper,18,0,0,0,6,0,1,0,1,0
persistence_g1_3,edu.uga.miage.m1.polygons.gui.persistence,JSonVisitor,112,0,0,0,15,0,5,0,5,0
persistence_g1_3,edu.uga.miage.m1.polygons.gui.persistence,XMLVisitor,101,0,0,0,14,0,5,0,5,0
persistence_g1_3,edu.uga.miage.m1.polygons.gui.shapes,Triangle,130,19,2,0,18,6,3,3,2,3
persistence_g1_3,edu.uga.miage.m1.polygons.gui.shapes,Square,69,19,0,0,11,6,2,3,2,3
persistence_g1_3,edu.uga.miage.m1.polygons.gui.shapes,Circle,69,19,0,0,11,6,2,3,2,3
